experiment,metric,unit,language,layout,backend,corpus_size,workers,n,median,q1,q3,iqr,min,max,median_peak_rss_mib,cache,batch_size
E2,wall_time,ms,go,book,,1000,,30,53.82,49.596,56.39,6.794,42.636,66.528,9.4,cold,
E2,wall_time,ms,go,hash,,1000,,30,52.106,48.001,54.527,6.526,39.226,66.237,9.4,cold,
E2,wall_time,ms,go,time,,1000,,30,55.903,52.24,57.496,5.256,43.457,74.393,9.5,cold,
E2,wall_time,ms,node,book,,1000,,30,528.394,510.659,544.841,34.181,451.619,593.688,74.2,cold,
E2,wall_time,ms,node,hash,,1000,,30,513.151,466.329,528.934,62.605,435.382,584.454,74.2,cold,
E2,wall_time,ms,node,time,,1000,,30,553.554,528.688,589.165,60.476,497.917,699.038,74.4,cold,
E2,wall_time,ms,python,book,,1000,,30,245.329,236.247,261.801,25.554,213.753,394.783,24.6,cold,
E2,wall_time,ms,python,hash,,1000,,30,243.438,235.902,250.553,14.651,209.907,284.688,24.5,cold,
E2,wall_time,ms,python,time,,1000,,30,255.744,248.305,265.74,17.435,237.962,340.176,24.6,cold,
E2,wall_time_internal,ms,go,book,,1000,,30,3.53,2.772,4.259,1.487,2.062,6.219,9.4,cold,
E2,wall_time_internal,ms,go,hash,,1000,,30,2.453,1.939,2.974,1.036,1.44,5.868,9.4,cold,
E2,wall_time_internal,ms,go,time,,1000,,30,6.503,4.692,9.881,5.189,2.045,15.511,9.5,cold,
E2,wall_time_internal,ms,node,book,,1000,,30,4.962,4.398,5.967,1.569,3.39,10.688,74.2,cold,
E2,wall_time_internal,ms,node,hash,,1000,,30,4.383,3.785,4.955,1.17,3.032,8.49,74.2,cold,
E2,wall_time_internal,ms,node,time,,1000,,30,13.636,11.642,15.538,3.896,7.419,19.436,74.4,cold,
E2,wall_time_internal,ms,python,book,,1000,,30,41.905,38.727,46.639,7.912,34.861,57.123,24.6,cold,
E2,wall_time_internal,ms,python,hash,,1000,,30,41.328,38.985,43.861,4.877,34.091,52.44,24.5,cold,
E2,wall_time_internal,ms,python,time,,1000,,30,47.32,44.388,50.548,6.159,38.031,71.374,24.6,cold,
E7_absent,wall_time,ms,go,hash,json,1000,,10,2189.972,2143.26,2268.805,125.545,2080.61,2493.002,957.7,cold,500
E7_absent,wall_time,ms,go,hash,sqlite,1000,,10,55.845,52.503,62.432,9.929,46.092,77.055,10.2,cold,500
E7_absent,wall_time,ms,node,hash,json,1000,,10,11860.531,11624.353,11981.097,356.744,11253.495,12270.055,1163.9,cold,500
E7_absent,wall_time,ms,node,hash,sqlite,1000,,10,557.295,541.885,575.336,33.451,520.538,618.577,75.7,cold,500
E7_absent,wall_time,ms,python,hash,json,1000,,10,14711.01,14580.443,14925.696,345.253,14349.014,16110.812,1563.5,cold,500
E7_absent,wall_time,ms,python,hash,sqlite,1000,,10,238.82,232.733,251.385,18.652,226.952,267.85,23.8,cold,500
E7_absent,wall_time_internal,ms,go,hash,json,1000,,10,2076.265,2039.584,2172.539,132.955,1986.678,2375.987,957.7,cold,500
E7_absent,wall_time_internal,ms,go,hash,sqlite,1000,,10,9.63,8.479,10.473,1.995,7.515,12.384,10.2,cold,500
E7_absent,wall_time_internal,ms,node,hash,json,1000,,10,11188.675,10959.643,11288.095,328.452,10641.19,11518.494,1163.9,cold,500
E7_absent,wall_time_internal,ms,node,hash,sqlite,1000,,10,17.49,14.168,18.324,4.156,13.767,19.464,75.7,cold,500
E7_absent,wall_time_internal,ms,python,hash,json,1000,,10,14479.323,14325.839,14691.669,365.83,14099.852,15873.672,1563.5,cold,500
E7_absent,wall_time_internal,ms,python,hash,sqlite,1000,,10,23.94,19.824,24.359,4.535,16.0,25.399,23.8,cold,500
E7_and2,wall_time,ms,go,hash,json,1000,,10,2123.0,2100.362,2182.069,81.707,2083.915,2256.881,957.3,cold,500
E7_and2,wall_time,ms,go,hash,sqlite,1000,,10,77.586,72.562,81.842,9.28,68.849,125.132,10.9,cold,500
E7_and2,wall_time,ms,node,hash,json,1000,,10,11768.618,11624.243,11876.765,252.523,11418.467,12032.115,1163.7,cold,500
E7_and2,wall_time,ms,node,hash,sqlite,1000,,10,588.492,558.894,622.546,63.652,503.939,654.753,76.3,cold,500
E7_and2,wall_time,ms,python,hash,json,1000,,10,15034.642,14871.105,15224.976,353.87,14549.885,17265.379,1563.4,cold,500
E7_and2,wall_time,ms,python,hash,sqlite,1000,,10,289.062,247.775,343.267,95.492,232.955,415.42,25.5,cold,500
E7_and2,wall_time_internal,ms,go,hash,json,1000,,10,2017.974,2006.897,2069.439,62.542,1986.644,2162.728,957.3,cold,500
E7_and2,wall_time_internal,ms,go,hash,sqlite,1000,,10,30.774,24.621,38.57,13.949,18.837,73.013,10.9,cold,500
E7_and2,wall_time_internal,ms,node,hash,json,1000,,10,11042.128,10987.666,11233.527,245.861,10771.429,11360.092,1163.7,cold,500
E7_and2,wall_time_internal,ms,node,hash,sqlite,1000,,10,37.864,33.514,53.19,19.676,27.639,75.556,76.3,cold,500
E7_and2,wall_time_internal,ms,python,hash,json,1000,,10,14786.331,14576.576,14968.958,392.382,14287.529,17031.924,1563.4,cold,500
E7_and2,wall_time_internal,ms,python,hash,sqlite,1000,,10,54.733,52.418,83.117,30.699,38.112,112.219,25.5,cold,500
E7_and3,wall_time,ms,go,hash,json,1000,,10,2276.667,2182.032,2335.394,153.362,2105.396,2341.793,957.9,cold,500
E7_and3,wall_time,ms,go,hash,sqlite,1000,,10,85.133,79.399,124.46,45.061,63.159,188.843,11.3,cold,500
E7_and3,wall_time,ms,node,hash,json,1000,,10,11907.404,11722.034,12185.041,463.007,11505.092,14814.802,1164.5,cold,500
E7_and3,wall_time,ms,node,hash,sqlite,1000,,10,631.296,576.482,740.35,163.868,536.134,777.675,76.8,cold,500
E7_and3,wall_time,ms,python,hash,json,1000,,10,14906.601,14632.595,15101.313,468.718,14522.989,16916.824,1563.4,cold,500
E7_and3,wall_time,ms,python,hash,sqlite,1000,,10,317.394,303.071,401.629,98.558,262.136,512.478,26.0,cold,500
E7_and3,wall_time_internal,ms,go,hash,json,1000,,10,2168.521,2080.074,2214.834,134.759,2009.476,2238.109,957.9,cold,500
E7_and3,wall_time_internal,ms,go,hash,sqlite,1000,,10,40.523,31.762,81.472,49.71,23.981,151.519,11.3,cold,500
E7_and3,wall_time_internal,ms,node,hash,json,1000,,10,11255.299,11025.137,11451.436,426.299,10870.659,14203.487,1164.5,cold,500
E7_and3,wall_time_internal,ms,node,hash,sqlite,1000,,10,53.047,49.234,122.084,72.85,33.678,234.872,76.8,cold,500
E7_and3,wall_time_internal,ms,python,hash,json,1000,,10,14658.685,14365.262,14840.407,475.145,14293.528,16668.972,1563.4,cold,500
E7_and3,wall_time_internal,ms,python,hash,sqlite,1000,,10,89.803,67.228,158.844,91.616,54.944,293.187,26.0,cold,500
E7_single,wall_time,ms,go,hash,json,1000,,10,2225.443,2143.117,2315.002,171.886,2104.456,2482.821,957.5,cold,500
E7_single,wall_time,ms,go,hash,sqlite,1000,,10,76.957,74.328,82.746,8.418,59.478,169.198,10.7,cold,500
E7_single,wall_time,ms,node,hash,json,1000,,10,11773.841,11692.6,11912.731,220.131,11389.415,12465.795,1166.4,cold,500
E7_single,wall_time,ms,node,hash,sqlite,1000,,10,561.127,523.992,594.606,70.614,502.638,680.42,76.0,cold,500
E7_single,wall_time,ms,python,hash,json,1000,,10,15452.678,15306.212,15690.92,384.708,14839.52,16259.701,1563.4,cold,500
E7_single,wall_time,ms,python,hash,sqlite,1000,,10,295.939,247.219,316.258,69.039,224.92,393.457,25.3,cold,500
E7_single,wall_time_internal,ms,go,hash,json,1000,,10,2123.343,2048.668,2209.549,160.881,2002.02,2387.935,957.5,cold,500
E7_single,wall_time_internal,ms,go,hash,sqlite,1000,,10,25.364,23.091,35.318,12.226,15.057,123.398,10.7,cold,500
E7_single,wall_time_internal,ms,node,hash,json,1000,,10,11091.056,10985.231,11304.602,319.371,10707.513,11753.067,1166.4,cold,500
E7_single,wall_time_internal,ms,node,hash,sqlite,1000,,10,33.803,28.533,37.31,8.777,20.94,174.047,76.0,cold,500
E7_single,wall_time_internal,ms,python,hash,json,1000,,10,15150.904,15052.709,15435.907,383.198,14579.978,15995.579,1563.4,cold,500
E7_single,wall_time_internal,ms,python,hash,sqlite,1000,,10,45.733,42.505,65.974,23.469,27.716,161.097,25.3,cold,500
