experiment,metric,unit,language,layout,backend,corpus_size,workers,n,median,q1,q3,iqr,min,max,median_peak_rss_mib,cache,batch_size,p95,workload,layer,source
E1,wall_time,ms,go,book,,1000,1.0,3,42905.59,41025.539,43278.599,2253.06,39145.489,43651.609,40.2,cold,,,,macro,results/t1000-go/summary.csv
E1,wall_time,ms,go,book,,1000,8.0,3,11060.531,11034.018,11158.738,124.72,11007.505,11256.946,48.0,cold,,,,macro,results/t1000-go/summary.csv
E1,wall_time_internal,ms,go,book,,1000,1.0,3,42858.235,40979.864,43234.221,2254.357,39101.494,43610.207,40.2,cold,,,,macro,results/t1000-go/summary.csv
E1,wall_time_internal,ms,go,book,,1000,8.0,3,11009.937,10984.484,11109.485,125.002,10959.03,11209.034,48.0,cold,,,,macro,results/t1000-go/summary.csv
E1,wall_time,ms,go,hash,,1000,1.0,3,33815.911,33480.459,34954.287,1473.828,33145.007,36092.664,37.7,cold,,,,macro,results/t1000-go/summary.csv
E1,wall_time,ms,go,hash,,1000,8.0,3,10190.156,9831.973,10873.05,1041.077,9473.79,11555.944,52.0,cold,,,,macro,results/t1000-go/summary.csv
E1,wall_time_internal,ms,go,hash,,1000,1.0,3,33766.839,33429.89,34903.542,1473.653,33092.94,36040.246,37.7,cold,,,,macro,results/t1000-go/summary.csv
E1,wall_time_internal,ms,go,hash,,1000,8.0,3,10139.8,9781.508,10747.358,965.85,9423.216,11354.916,52.0,cold,,,,macro,results/t1000-go/summary.csv
E1,wall_time,ms,go,time,,1000,1.0,3,41493.776,38028.525,42113.196,4084.672,34563.274,42732.617,37.1,cold,,,,macro,results/t1000-go/summary.csv
E1,wall_time,ms,go,time,,1000,8.0,3,9609.139,9539.485,11904.536,2365.051,9469.832,14199.933,46.2,cold,,,,macro,results/t1000-go/summary.csv
E1,wall_time_internal,ms,go,time,,1000,1.0,3,41452.347,37982.2,42064.221,4082.021,34512.054,42676.096,37.1,cold,,,,macro,results/t1000-go/summary.csv
E1,wall_time_internal,ms,go,time,,1000,8.0,3,9558.381,9487.164,11854.802,2367.638,9415.947,14151.224,46.2,cold,,,,macro,results/t1000-go/summary.csv
E1,wall_time,ms,node,book,,1000,1.0,5,77223.687,75613.943,82442.848,6828.905,73037.93,93251.584,664.7,cold,,,,macro,results/t1000-datalake/summary.csv
E1,wall_time,ms,node,book,,1000,8.0,5,79526.144,75911.045,80699.141,4788.096,69159.381,87000.956,594.5,cold,,,,macro,results/t1000-datalake/summary.csv
E1,wall_time_internal,ms,node,book,,1000,1.0,5,76778.495,75162.191,81469.92,6307.729,72585.36,92826.807,664.7,cold,,,,macro,results/t1000-datalake/summary.csv
E1,wall_time_internal,ms,node,book,,1000,8.0,5,79074.202,75446.374,80150.401,4704.027,68694.457,86524.6,594.5,cold,,,,macro,results/t1000-datalake/summary.csv
E1,wall_time,ms,node,hash,,1000,1.0,5,68720.725,67740.918,71202.362,3461.444,67115.317,73204.175,800.4,cold,,,,macro,results/t1000-datalake/summary.csv
E1,wall_time,ms,node,hash,,1000,8.0,5,66524.009,63166.472,66933.54,3767.068,62204.937,69484.02,711.6,cold,,,,macro,results/t1000-datalake/summary.csv
E1,wall_time_internal,ms,node,hash,,1000,1.0,5,68107.105,67280.223,70709.951,3429.728,65736.7,72704.905,800.4,cold,,,,macro,results/t1000-datalake/summary.csv
E1,wall_time_internal,ms,node,hash,,1000,8.0,5,65980.556,62688.008,66418.555,3730.547,61776.085,68888.715,711.6,cold,,,,macro,results/t1000-datalake/summary.csv
E1,wall_time,ms,node,time,,1000,1.0,5,68447.152,68249.974,68900.686,650.712,63312.417,73922.639,467.2,cold,,,,macro,results/t1000-datalake/summary.csv
E1,wall_time,ms,node,time,,1000,8.0,5,68172.294,63879.279,68365.81,4486.531,63079.096,68920.519,687.3,cold,,,,macro,results/t1000-datalake/summary.csv
E1,wall_time_internal,ms,node,time,,1000,1.0,5,67972.564,67754.112,68456.084,701.972,62897.672,73504.582,467.2,cold,,,,macro,results/t1000-datalake/summary.csv
E1,wall_time_internal,ms,node,time,,1000,8.0,5,67757.657,63456.648,67954.559,4497.911,62538.371,68398.287,687.3,cold,,,,macro,results/t1000-datalake/summary.csv
E1,wall_time,ms,python,book,,1000,1.0,5,49397.672,48917.563,49444.994,527.431,48026.546,51993.12,82.0,cold,,,,macro,results/t1000-datalake/summary.csv
E1,wall_time,ms,python,book,,1000,8.0,5,16188.475,16084.006,16342.739,258.733,16083.211,19557.442,201.2,cold,,,,macro,results/t1000-datalake/summary.csv
E1,wall_time_internal,ms,python,book,,1000,1.0,5,49195.307,48734.347,49264.172,529.825,47857.253,51787.972,82.0,cold,,,,macro,results/t1000-datalake/summary.csv
E1,wall_time_internal,ms,python,book,,1000,8.0,5,16000.609,15899.77,16143.956,244.186,15898.506,19373.523,201.2,cold,,,,macro,results/t1000-datalake/summary.csv
E1,wall_time,ms,python,hash,,1000,1.0,5,42853.699,41699.317,46287.15,4587.833,40742.286,48316.778,82.1,cold,,,,macro,results/t1000-datalake/summary.csv
E1,wall_time,ms,python,hash,,1000,8.0,5,15332.467,14943.588,18217.675,3274.087,14452.561,19389.005,190.7,cold,,,,macro,results/t1000-datalake/summary.csv
E1,wall_time_internal,ms,python,hash,,1000,1.0,5,42641.904,41482.618,46092.736,4610.118,40557.403,48133.963,82.1,cold,,,,macro,results/t1000-datalake/summary.csv
E1,wall_time_internal,ms,python,hash,,1000,8.0,5,15138.639,14721.584,18035.15,3313.566,14262.2,19152.026,190.7,cold,,,,macro,results/t1000-datalake/summary.csv
E1,wall_time,ms,python,time,,1000,1.0,5,43873.137,41779.499,45267.908,3488.409,41354.484,46705.038,78.6,cold,,,,macro,results/t1000-datalake/summary.csv
E1,wall_time,ms,python,time,,1000,8.0,5,14281.475,14195.289,14547.15,351.861,14193.858,20190.634,181.6,cold,,,,macro,results/t1000-datalake/summary.csv
E1,wall_time_internal,ms,python,time,,1000,1.0,5,43681.541,41598.624,45089.373,3490.749,41169.837,46511.661,78.6,cold,,,,macro,results/t1000-datalake/summary.csv
E1,wall_time_internal,ms,python,time,,1000,8.0,5,14081.781,14009.371,14368.665,359.294,13994.674,19995.489,181.6,cold,,,,macro,results/t1000-datalake/summary.csv
E12,wall_time,ms,go,book,,100,,3,254.112,246.347,261.195,14.849,238.582,268.279,20.0,cold,1.0,,,macro,results/t-meta/summary.csv
E12,wall_time_internal,ms,go,book,,100,,3,217.768,211.05,218.173,7.123,204.332,218.578,20.0,cold,1.0,,,macro,results/t-meta/summary.csv
E12,wall_time,ms,go,book,,100,,3,224.94,215.955,231.912,15.958,206.97,238.885,18.3,cold,500.0,,,macro,results/t-meta/summary.csv
E12,wall_time_internal,ms,go,book,,100,,3,188.894,182.317,189.433,7.115,175.741,189.972,18.3,cold,500.0,,,macro,results/t-meta/summary.csv
E12,wall_time,ms,go,hash,,100,,3,1017.098,644.055,1064.856,420.8,271.013,1112.613,20.0,cold,1.0,,,macro,results/t-meta/summary.csv
E12,wall_time_internal,ms,go,hash,,100,,3,920.764,570.466,923.061,352.595,220.167,925.357,20.0,cold,1.0,,,macro,results/t-meta/summary.csv
E12,wall_time,ms,go,hash,,100,,3,229.812,227.554,236.648,9.094,225.296,243.484,18.7,cold,500.0,,,macro,results/t-meta/summary.csv
E12,wall_time_internal,ms,go,hash,,100,,3,191.38,189.844,192.389,2.546,188.307,193.399,18.7,cold,500.0,,,macro,results/t-meta/summary.csv
E12,wall_time,ms,go,time,,100,,3,260.722,257.381,276.985,19.604,254.04,293.248,20.8,cold,1.0,,,macro,results/t-meta/summary.csv
E12,wall_time_internal,ms,go,time,,100,,3,220.206,220.181,231.087,10.906,220.156,241.969,20.8,cold,1.0,,,macro,results/t-meta/summary.csv
E12,wall_time,ms,go,time,,100,,3,219.11,217.547,229.663,12.115,215.984,240.215,19.2,cold,500.0,,,macro,results/t-meta/summary.csv
E12,wall_time_internal,ms,go,time,,100,,3,184.521,182.984,192.575,9.591,181.447,200.628,19.2,cold,500.0,,,macro,results/t-meta/summary.csv
E12,wall_time,ms,node,book,,100,,3,568.033,567.488,588.168,20.68,566.944,608.303,106.8,cold,1.0,,,macro,results/t-meta/summary.csv
E12,wall_time_internal,ms,node,book,,100,,3,198.016,195.819,207.808,11.989,193.622,217.6,106.8,cold,1.0,,,macro,results/t-meta/summary.csv
E12,wall_time,ms,node,book,,100,,3,552.848,551.549,559.144,7.595,550.25,565.44,100.1,cold,500.0,,,macro,results/t-meta/summary.csv
E12,wall_time_internal,ms,node,book,,100,,3,193.71,190.363,194.358,3.995,187.015,195.005,100.1,cold,500.0,,,macro,results/t-meta/summary.csv
E12,wall_time,ms,node,hash,,100,,3,565.18,562.133,586.444,24.311,559.087,607.709,108.2,cold,1.0,,,macro,results/t-meta/summary.csv
E12,wall_time_internal,ms,node,hash,,100,,3,193.551,191.414,193.742,2.328,189.278,193.933,108.2,cold,1.0,,,macro,results/t-meta/summary.csv
E12,wall_time,ms,node,hash,,100,,3,578.588,576.222,595.664,19.442,573.857,612.741,108.0,cold,500.0,,,macro,results/t-meta/summary.csv
E12,wall_time_internal,ms,node,hash,,100,,3,185.46,184.107,193.147,9.04,182.754,200.833,108.0,cold,500.0,,,macro,results/t-meta/summary.csv
E12,wall_time,ms,node,time,,100,,3,560.802,557.505,573.922,16.417,554.207,587.041,96.2,cold,1.0,,,macro,results/t-meta/summary.csv
E12,wall_time_internal,ms,node,time,,100,,3,191.479,188.41,192.391,3.982,185.34,193.303,96.2,cold,1.0,,,macro,results/t-meta/summary.csv
E12,wall_time,ms,node,time,,100,,3,531.975,527.531,574.532,47.001,523.086,617.088,96.8,cold,500.0,,,macro,results/t-meta/summary.csv
E12,wall_time_internal,ms,node,time,,100,,3,180.489,172.709,196.425,23.716,164.93,212.361,96.8,cold,500.0,,,macro,results/t-meta/summary.csv
E12,wall_time,ms,python,book,,100,,3,361.882,350.827,398.822,47.995,339.773,435.763,27.2,cold,1.0,,,macro,results/t-meta/summary.csv
E12,wall_time_internal,ms,python,book,,100,,3,214.356,207.913,235.709,27.796,201.47,257.062,27.2,cold,1.0,,,macro,results/t-meta/summary.csv
E12,wall_time,ms,python,book,,100,,3,340.565,335.688,357.296,21.608,330.81,374.026,27.1,cold,500.0,,,macro,results/t-meta/summary.csv
E12,wall_time_internal,ms,python,book,,100,,3,200.361,195.46,207.315,11.855,190.559,214.268,27.1,cold,500.0,,,macro,results/t-meta/summary.csv
E12,wall_time,ms,python,hash,,100,,3,333.597,327.834,356.68,28.846,322.071,379.764,27.1,cold,1.0,,,macro,results/t-meta/summary.csv
E12,wall_time_internal,ms,python,hash,,100,,3,187.021,183.155,199.933,16.777,179.29,212.844,27.1,cold,1.0,,,macro,results/t-meta/summary.csv
E12,wall_time,ms,python,hash,,100,,3,325.57,323.581,350.478,26.897,321.591,375.386,27.1,cold,500.0,,,macro,results/t-meta/summary.csv
E12,wall_time_internal,ms,python,hash,,100,,3,182.418,179.577,191.706,12.13,176.735,200.994,27.1,cold,500.0,,,macro,results/t-meta/summary.csv
E12,wall_time,ms,python,time,,100,,3,408.409,402.776,446.347,43.571,397.144,484.286,27.2,cold,1.0,,,macro,results/t-meta/summary.csv
E12,wall_time_internal,ms,python,time,,100,,3,250.648,247.006,252.611,5.605,243.364,254.574,27.2,cold,1.0,,,macro,results/t-meta/summary.csv
E12,wall_time,ms,python,time,,100,,3,395.103,374.055,410.706,36.65,353.008,426.308,27.0,cold,500.0,,,macro,results/t-meta/summary.csv
E12,wall_time_internal,ms,python,time,,100,,3,231.042,217.341,236.216,18.875,203.64,241.389,27.0,cold,500.0,,,macro,results/t-meta/summary.csv
E12,wall_time,ms,go,book,,1000,,3,2932.624,2757.824,4382.934,1625.11,2583.024,5833.244,32.8,cold,1.0,,,macro,results/t-meta/summary.csv
E12,wall_time_internal,ms,go,book,,1000,,3,2881.652,2707.19,4271.635,1564.444,2532.729,5661.617,32.8,cold,1.0,,,macro,results/t-meta/summary.csv
E12,wall_time,ms,go,book,,1000,,3,2291.562,2270.554,2327.876,57.322,2249.546,2364.189,33.2,cold,500.0,,,macro,results/t-meta/summary.csv
E12,wall_time_internal,ms,go,book,,1000,,3,2238.909,2218.613,2274.178,55.565,2198.317,2309.447,33.2,cold,500.0,,,macro,results/t-meta/summary.csv
E12,wall_time,ms,go,hash,,1000,,3,2071.241,2054.7,2123.663,68.963,2038.159,2176.085,33.8,cold,1.0,,,macro,results/t-meta/summary.csv
E12,wall_time_internal,ms,go,hash,,1000,,3,2030.754,2007.555,2075.452,67.896,1984.357,2120.149,33.8,cold,1.0,,,macro,results/t-meta/summary.csv
E12,wall_time,ms,go,hash,,1000,,3,1810.136,1798.315,1858.847,60.532,1786.494,1907.559,32.9,cold,500.0,,,macro,results/t-meta/summary.csv
E12,wall_time_internal,ms,go,hash,,1000,,3,1755.421,1743.249,1803.282,60.033,1731.077,1851.143,32.9,cold,500.0,,,macro,results/t-meta/summary.csv
E12,wall_time,ms,go,time,,1000,,3,2964.939,2959.382,4111.285,1151.903,2953.826,5257.632,33.2,cold,1.0,,,macro,results/t-meta/summary.csv
E12,wall_time_internal,ms,go,time,,1000,,3,2910.919,2905.814,4057.747,1151.934,2900.708,5204.576,33.2,cold,1.0,,,macro,results/t-meta/summary.csv
E12,wall_time,ms,go,time,,1000,,3,2520.8,2514.193,2538.542,24.349,2507.585,2556.283,32.3,cold,500.0,,,macro,results/t-meta/summary.csv
E12,wall_time_internal,ms,go,time,,1000,,3,2467.98,2462.424,2480.127,17.703,2456.868,2492.274,32.3,cold,500.0,,,macro,results/t-meta/summary.csv
E12,wall_time,ms,node,book,,1000,,3,2524.456,2494.296,2563.086,68.79,2464.136,2601.716,119.2,cold,1.0,,,macro,results/t-meta/summary.csv
E12,wall_time_internal,ms,node,book,,1000,,3,2090.058,2064.732,2134.957,70.225,2039.406,2179.856,119.2,cold,1.0,,,macro,results/t-meta/summary.csv
E12,wall_time,ms,node,book,,1000,,3,2340.217,2304.296,2488.044,183.748,2268.374,2635.871,118.5,cold,500.0,,,macro,results/t-meta/summary.csv
E12,wall_time_internal,ms,node,book,,1000,,3,1950.552,1895.556,2060.486,164.929,1840.561,2170.42,118.5,cold,500.0,,,macro,results/t-meta/summary.csv
E12,wall_time,ms,node,hash,,1000,,3,2020.821,2010.007,2039.847,29.84,1999.193,2058.873,118.9,cold,1.0,,,macro,results/t-meta/summary.csv
E12,wall_time_internal,ms,node,hash,,1000,,3,1580.514,1562.865,1601.617,38.752,1545.217,1622.721,118.9,cold,1.0,,,macro,results/t-meta/summary.csv
E12,wall_time,ms,node,hash,,1000,,3,1896.945,1895.323,1922.249,26.926,1893.702,1947.554,118.7,cold,500.0,,,macro,results/t-meta/summary.csv
E12,wall_time_internal,ms,node,hash,,1000,,3,1456.831,1454.239,1471.126,16.887,1451.647,1485.42,118.7,cold,500.0,,,macro,results/t-meta/summary.csv
E12,wall_time,ms,node,time,,1000,,3,2201.202,2197.137,3487.039,1289.902,2193.073,4772.876,119.5,cold,1.0,,,macro,results/t-meta/summary.csv
E12,wall_time_internal,ms,node,time,,1000,,3,1733.47,1729.805,2632.753,902.947,1726.141,3532.035,119.5,cold,1.0,,,macro,results/t-meta/summary.csv
E12,wall_time,ms,node,time,,1000,,3,1976.309,1968.171,1997.794,29.624,1960.033,2019.28,120.3,cold,500.0,,,macro,results/t-meta/summary.csv
E12,wall_time_internal,ms,node,time,,1000,,3,1531.188,1530.52,1554.12,23.601,1529.851,1577.053,120.3,cold,500.0,,,macro,results/t-meta/summary.csv
E12,wall_time,ms,python,book,,1000,,3,2491.014,2384.233,2503.108,118.874,2277.452,2515.201,28.5,cold,1.0,,,macro,results/t-meta/summary.csv
E12,wall_time_internal,ms,python,book,,1000,,3,2290.033,2204.83,2309.507,104.677,2119.627,2328.981,28.5,cold,1.0,,,macro,results/t-meta/summary.csv
E12,wall_time,ms,python,book,,1000,,3,2245.52,2205.61,2261.059,55.449,2165.7,2276.597,29.1,cold,500.0,,,macro,results/t-meta/summary.csv
E12,wall_time_internal,ms,python,book,,1000,,3,2049.989,2015.141,2059.032,43.891,1980.293,2068.075,29.1,cold,500.0,,,macro,results/t-meta/summary.csv
E12,wall_time,ms,python,hash,,1000,,3,1931.433,1866.032,1959.465,93.433,1800.63,1987.496,28.7,cold,1.0,,,macro,results/t-meta/summary.csv
E12,wall_time_internal,ms,python,hash,,1000,,3,1731.405,1666.174,1740.635,74.461,1600.943,1749.865,28.7,cold,1.0,,,macro,results/t-meta/summary.csv
E12,wall_time,ms,python,hash,,1000,,3,1751.054,1725.758,2471.041,745.283,1700.462,3191.028,29.2,cold,500.0,,,macro,results/t-meta/summary.csv
E12,wall_time_internal,ms,python,hash,,1000,,3,1563.182,1542.184,2112.251,570.068,1521.185,2661.321,29.2,cold,500.0,,,macro,results/t-meta/summary.csv
E12,wall_time,ms,python,time,,1000,,3,2606.58,2578.694,2678.329,99.635,2550.808,2750.078,28.7,cold,1.0,,,macro,results/t-meta/summary.csv
E12,wall_time_internal,ms,python,time,,1000,,3,2413.566,2380.195,2481.178,100.983,2346.824,2548.79,28.7,cold,1.0,,,macro,results/t-meta/summary.csv
E12,wall_time,ms,python,time,,1000,,3,2258.37,2250.159,2273.77,23.611,2241.948,2289.17,29.0,cold,500.0,,,macro,results/t-meta/summary.csv
E12,wall_time_internal,ms,python,time,,1000,,3,2058.937,2052.925,2078.524,25.6,2046.912,2098.112,29.0,cold,500.0,,,macro,results/t-meta/summary.csv
E13_metadata_query,latency,us,python,,,100,,500,2.473,2.417,2.572,0.155,2.309,64.749,,warm,,3.931,Q1,micro,results/t-meta/micro-metadata.jsonl
E13_metadata_query,latency,us,python,,,100,,500,1.817,1.638,1.918,0.279,1.48,39.863,,warm,,2.476,Q2,micro,results/t-meta/micro-metadata.jsonl
E13_metadata_query,latency,us,python,,,100,,500,6.192,6.065,6.881,0.816,5.847,55.867,,warm,,7.996,Q3,micro,results/t-meta/micro-metadata.jsonl
E13_metadata_query,latency,us,python,,,100,,500,2.367,2.295,2.649,0.354,2.186,236.89,,warm,,3.933,Q3_range,micro,results/t-meta/micro-metadata.jsonl
E13_metadata_query,latency,us,python,,,100,,200,5.922,5.789,6.311,0.522,5.54,27.792,,warm,,6.819,Q4,micro,results/t-meta/micro-metadata.jsonl
E13_metadata_query,latency,us,python,,,1000,,500,3.866,3.784,3.99,0.206,3.578,24.086,,warm,,5.251,Q1,micro,results/t-meta/micro-metadata.jsonl
E13_metadata_query,latency,us,python,,,1000,,500,2.147,2.101,2.2,0.099,2.005,65.655,,warm,,2.485,Q2,micro,results/t-meta/micro-metadata.jsonl
E13_metadata_query,latency,us,python,,,1000,,500,49.37,48.547,52.392,3.845,47.287,277.992,,warm,,62.919,Q3,micro,results/t-meta/micro-metadata.jsonl
E13_metadata_query,latency,us,python,,,1000,,500,4.065,3.983,4.189,0.206,3.767,44.414,,warm,,5.601,Q3_range,micro,results/t-meta/micro-metadata.jsonl
E13_metadata_query,latency,us,python,,,1000,,200,32.316,31.696,33.117,1.421,30.25,96.859,,warm,,41.811,Q4,micro,results/t-meta/micro-metadata.jsonl
E2_lookup,latency,us,python,book,,1000,,1000,87.381,63.861,124.525,60.664,31.126,847.928,,warm,,278.849,,micro,results/micro.jsonl
E2_lookup,latency,us,python,hash,,1000,,1000,75.572,58.106,103.422,45.316,36.977,724.804,,warm,,215.569,,micro,results/micro.jsonl
E2_lookup,latency,us,python,time,,1000,,1000,436.462,293.816,587.53,293.713,112.279,1619.432,,warm,,761.73,,micro,results/micro.jsonl
E3,wall_time,ms,go,book,,1000,,3,49.876,49.097,58.998,9.9,48.319,68.119,9.9,cold,,,,macro,results/t1000-go/summary.csv
E3,wall_time_internal,ms,go,book,,1000,,3,9.058,8.959,9.546,0.588,8.859,10.035,9.9,cold,,,,macro,results/t1000-go/summary.csv
E3,wall_time,ms,go,hash,,1000,,3,70.944,69.311,189.825,120.513,67.679,308.705,10.6,cold,,,,macro,results/t1000-go/summary.csv
E3,wall_time_internal,ms,go,hash,,1000,,3,10.214,10.149,10.376,0.226,10.084,10.537,10.6,cold,,,,macro,results/t1000-go/summary.csv
E3,wall_time,ms,go,time,,1000,,3,57.16,48.964,138.637,89.673,40.768,220.114,9.5,cold,,,,macro,results/t1000-go/summary.csv
E3,wall_time_internal,ms,go,time,,1000,,3,1.884,1.599,2.49,0.891,1.314,3.096,9.5,cold,,,,macro,results/t1000-go/summary.csv
E3,wall_time,ms,node,book,,1000,,5,459.352,398.776,468.821,70.045,388.977,1825.478,76.6,cold,,,,macro,results/t1000-py-node/summary.csv
E3,wall_time_internal,ms,node,book,,1000,,5,15.08,15.01,15.382,0.372,14.912,19.787,76.6,cold,,,,macro,results/t1000-py-node/summary.csv
E3,wall_time,ms,node,hash,,1000,,5,516.955,454.735,1422.887,968.152,443.373,2119.444,78.9,cold,,,,macro,results/t1000-py-node/summary.csv
E3,wall_time_internal,ms,node,hash,,1000,,5,18.762,18.306,19.099,0.793,18.16,20.273,78.9,cold,,,,macro,results/t1000-py-node/summary.csv
E3,wall_time,ms,node,time,,1000,,5,474.265,401.18,479.036,77.856,390.713,1962.449,73.8,cold,,,,macro,results/t1000-py-node/summary.csv
E3,wall_time_internal,ms,node,time,,1000,,5,2.697,2.549,3.006,0.457,2.491,8.894,73.8,cold,,,,macro,results/t1000-py-node/summary.csv
E3,wall_time,ms,python,book,,1000,,5,228.478,213.014,236.384,23.37,191.87,903.304,23.8,cold,,,,macro,results/t1000-py-node/summary.csv
E3,wall_time_internal,ms,python,book,,1000,,5,33.746,33.169,33.8,0.631,29.971,36.776,23.8,cold,,,,macro,results/t1000-py-node/summary.csv
E3,wall_time,ms,python,hash,,1000,,5,195.998,192.255,234.423,42.168,191.864,857.444,23.8,cold,,,,macro,results/t1000-py-node/summary.csv
E3,wall_time_internal,ms,python,hash,,1000,,5,32.709,32.031,34.673,2.642,31.281,102.094,23.8,cold,,,,macro,results/t1000-py-node/summary.csv
E3,wall_time,ms,python,time,,1000,,5,235.206,233.812,246.008,12.196,173.896,258.016,23.8,cold,,,,macro,results/t1000-py-node/summary.csv
E3,wall_time_internal,ms,python,time,,1000,,5,26.515,21.589,28.746,7.157,20.974,31.851,23.8,cold,,,,macro,results/t1000-py-node/summary.csv
E3_scan,latency,us,python,book,,1000,,200,3542.892,3385.083,3791.881,406.798,2887.748,8218.195,,warm,,4623.733,"1000+50 books, 100/h, synthetic",micro,results/micro.jsonl
E3_scan,latency,us,python,hash,,1000,,200,2643.423,2516.274,2770.284,254.01,2264.921,4332.237,,warm,,2989.126,"1000+50 books, 100/h, synthetic",micro,results/micro.jsonl
E3_scan,latency,us,python,time,,1000,,200,176.728,171.857,189.123,17.266,150.593,601.934,,warm,,239.705,"1000+50 books, 100/h, synthetic",micro,results/micro.jsonl
E3_scan,latency,us,python,book,,10000,,200,35561.826,34233.008,37280.461,3047.453,30474.703,68327.263,,warm,,46533.763,"10000+50 books, 100/h, synthetic",micro,results/micro.jsonl
E3_scan,latency,us,python,hash,,10000,,200,26468.784,24915.888,28826.34,3910.452,22468.676,54473.704,,warm,,34767.473,"10000+50 books, 100/h, synthetic",micro,results/micro.jsonl
E3_scan,latency,us,python,time,,10000,,200,1527.137,1376.362,1850.717,474.354,1236.393,8490.443,,warm,,3769.854,"10000+50 books, 100/h, synthetic",micro,results/micro.jsonl
E4,recovery_time,ms,go,book,,1000,,3,18983.503,18814.94,21099.626,2284.686,18646.376,23215.748,,cold,,,,macro,results/t1000-go/summary.csv
E4,recovery_time,ms,go,hash,,1000,,3,16121.375,15988.7,16125.532,136.832,15856.026,16129.689,,cold,,,,macro,results/t1000-go/summary.csv
E4,recovery_time,ms,go,time,,1000,,3,16986.734,16790.294,17034.51,244.216,16593.854,17082.286,,cold,,,,macro,results/t1000-go/summary.csv
E4,recovery_time,ms,node,book,,1000,,5,36270.157,36230.255,36321.094,90.839,35973.611,36528.228,,cold,,,,macro,results/t1000-datalake/summary.csv
E4,recovery_time,ms,node,hash,,1000,,5,33331.879,33276.578,34882.232,1605.654,33086.563,35161.348,,cold,,,,macro,results/t1000-datalake/summary.csv
E4,recovery_time,ms,node,time,,1000,,5,34106.389,33637.826,34431.456,793.63,32967.975,36745.629,,cold,,,,macro,results/t1000-datalake/summary.csv
E4,recovery_time,ms,python,book,,1000,,5,24944.858,24719.931,25367.642,647.711,24456.286,29079.318,,cold,,,,macro,results/t1000-datalake/summary.csv
E4,recovery_time,ms,python,hash,,1000,,5,22654.257,21936.723,22755.98,819.257,21377.882,25411.655,,cold,,,,macro,results/t1000-datalake/summary.csv
E4,recovery_time,ms,python,time,,1000,,5,21128.928,20886.963,22119.429,1232.466,20796.432,28104.79,,cold,,,,macro,results/t1000-datalake/summary.csv
E5,storage_allocated_bytes,bytes,python,book,,1000,,1,399032320.0,399032320.0,399032320.0,0.0,399032320.0,399032320.0,,cold,,,,macro,results/t1000-datalake/summary.csv
E5,storage_bytes,bytes,python,book,,1000,,1,385988891.0,385988891.0,385988891.0,0.0,385988891.0,385988891.0,,cold,,,,macro,results/t1000-datalake/summary.csv
E5,storage_allocated_bytes,bytes,python,hash,,1000,,1,393121792.0,393121792.0,393121792.0,0.0,393121792.0,393121792.0,,cold,,,,macro,results/t1000-datalake/summary.csv
E5,storage_bytes,bytes,python,hash,,1000,,1,385627514.0,385627514.0,385627514.0,0.0,385627514.0,385627514.0,,cold,,,,macro,results/t1000-datalake/summary.csv
E5,storage_allocated_bytes,bytes,python,time,,1000,,1,390942720.0,390942720.0,390942720.0,0.0,390942720.0,390942720.0,,cold,,,,macro,results/t1000-datalake/summary.csv
E5,storage_bytes,bytes,python,time,,1000,,1,385627514.0,385627514.0,385627514.0,0.0,385627514.0,385627514.0,,cold,,,,macro,results/t1000-datalake/summary.csv
E6,wall_time,ms,go,hash,folder,100,,3,523461.88,520677.257,523538.878,2861.621,517892.633,523615.875,194.7,cold,,,,macro,results/t100-folder-go/summary.csv
E6,wall_time_internal,ms,go,hash,folder,100,,3,523417.089,520623.084,523482.722,2859.638,517829.079,523548.355,194.7,cold,,,,macro,results/t100-folder-go/summary.csv
E6,wall_time,ms,node,hash,folder,100,,3,3084948.859,3082610.303,3086599.847,3989.544,3080271.747,3088250.835,185.7,cold,,,,macro,results/t100-folder/summary.csv
E6,wall_time_internal,ms,node,hash,folder,100,,3,3084494.288,3082187.317,3086173.747,3986.43,3079880.345,3087853.206,185.7,cold,,,,macro,results/t100-folder/summary.csv
E6,wall_time,ms,node,hash,json,100,,5,5305.538,5061.929,5532.902,470.973,4872.981,7007.446,406.5,cold,,,,macro,results/t100/summary.csv
E6,wall_time_internal,ms,node,hash,json,100,,5,4885.602,4659.438,5155.089,495.651,4473.707,5563.862,406.5,cold,,,,macro,results/t100/summary.csv
E6,wall_time,ms,node,hash,sqlite,100,,5,6832.558,6793.21,6966.52,173.31,6719.932,7102.298,314.3,cold,,,,macro,results/t100/summary.csv
E6,wall_time_internal,ms,node,hash,sqlite,100,,5,6411.955,6341.375,6529.731,188.356,6315.527,6710.061,314.3,cold,,,,macro,results/t100/summary.csv
E6,wall_time,ms,python,hash,folder,100,,3,584790.204,584362.48,602156.494,17794.014,583934.755,619522.783,277.8,cold,,,,macro,results/t100-folder/summary.csv
E6,wall_time_internal,ms,python,hash,folder,100,,3,583714.91,583598.727,601510.236,17911.509,583482.544,619305.562,277.8,cold,,,,macro,results/t100-folder/summary.csv
E6,wall_time,ms,python,hash,json,100,,5,8906.733,8823.937,9639.034,815.097,8823.478,9703.838,147.6,cold,,,,macro,results/t100/summary.csv
E6,wall_time_internal,ms,python,hash,json,100,,5,8721.358,8658.002,9469.842,811.84,8653.153,9511.26,147.6,cold,,,,macro,results/t100/summary.csv
E6,wall_time,ms,python,hash,sqlite,100,,5,10312.268,10103.876,10515.568,411.692,10006.579,10849.554,110.3,cold,,,,macro,results/t100/summary.csv
E6,wall_time_internal,ms,python,hash,sqlite,100,,5,10121.89,9926.04,10321.645,395.605,9844.899,10554.091,110.3,cold,,,,macro,results/t100/summary.csv
E6,wall_time,ms,go,hash,json,1000,,3,29369.855,29200.875,29883.395,682.52,29031.895,30396.936,2254.2,cold,,,,macro,results/t1000-go-e6e8/summary.csv
E6,wall_time_internal,ms,go,hash,json,1000,,3,29258.149,29087.458,29766.02,678.562,28916.767,30273.891,2254.2,cold,,,,macro,results/t1000-go-e6e8/summary.csv
E6,wall_time,ms,go,hash,sqlite,1000,,3,97490.977,97460.759,98394.86,934.101,97430.541,99298.743,1418.6,cold,,,,macro,results/t1000-go-e6e8/summary.csv
E6,wall_time_internal,ms,go,hash,sqlite,1000,,3,97406.373,97376.649,98247.375,870.726,97346.925,99088.376,1418.6,cold,,,,macro,results/t1000-go-e6e8/summary.csv
E6,wall_time,ms,node,hash,json,1000,,5,78828.458,76504.308,79541.66,3037.352,75247.734,80555.13,1600.2,cold,,,,macro,results/t1000-py-node-e6e8/summary.csv
E6,wall_time_internal,ms,node,hash,json,1000,,5,78235.308,76022.563,79034.814,3012.251,74040.259,80012.644,1600.2,cold,,,,macro,results/t1000-py-node-e6e8/summary.csv
E6,wall_time,ms,node,hash,sqlite,1000,,5,79414.337,79198.511,80483.494,1284.983,77110.95,85341.078,761.5,cold,,,,macro,results/t1000-py-node-e6e8/summary.csv
E6,wall_time_internal,ms,node,hash,sqlite,1000,,5,78940.332,78707.075,79987.097,1280.022,76610.551,84781.072,761.5,cold,,,,macro,results/t1000-py-node-e6e8/summary.csv
E6,wall_time,ms,python,hash,json,1000,,5,109532.592,108582.674,110021.413,1438.739,107704.421,110776.952,914.6,cold,,,,macro,results/t1000-py-node-e6e8/summary.csv
E6,wall_time_internal,ms,python,hash,json,1000,,5,108864.75,108356.371,109711.199,1354.828,107520.253,110286.037,914.6,cold,,,,macro,results/t1000-py-node-e6e8/summary.csv
E6,wall_time,ms,python,hash,sqlite,1000,,5,118893.341,116961.801,118954.53,1992.729,116791.455,120914.994,450.5,cold,,,,macro,results/t1000-py-sqlite/summary.csv
E6,wall_time_internal,ms,python,hash,sqlite,1000,,5,118679.839,116739.879,118743.638,2003.759,116587.229,120700.755,450.5,cold,,,,macro,results/t1000-py-sqlite/summary.csv
E7_query,latency,us,python,,json,1000,,500,3.606,3.352,4.044,0.692,2.757,40.512,,warm,,5.218,absent,micro,results/micro.jsonl
E7_query,latency,us,python,,json,1000,,500,2421.258,1216.415,3368.714,2152.3,25.676,9149.589,,warm,,5861.516,and2,micro,results/micro.jsonl
E7_query,latency,us,python,,json,1000,,500,3874.945,1248.217,5755.474,4507.257,43.276,40497.69,,warm,,8935.84,and3,micro,results/micro.jsonl
E7_query,latency,us,python,,json,1000,,500,27.298,10.254,1528.43,1518.175,6.127,11509.622,,warm,,4657.384,single,micro,results/micro.jsonl
E7_query,latency,us,python,,sqlite,1000,,500,7.92,7.168,9.778,2.61,5.805,219.145,,warm,,29.763,absent,micro,results/micro.jsonl
E7_query,latency,us,python,,sqlite,1000,,500,2204.839,1093.384,3353.562,2260.179,23.523,9206.089,,warm,,6472.059,and2,micro,results/micro.jsonl
E7_query,latency,us,python,,sqlite,1000,,500,3613.26,1109.616,6002.538,4892.922,42.669,29307.83,,warm,,11559.466,and3,micro,results/micro.jsonl
E7_query,latency,us,python,,sqlite,1000,,500,28.182,14.795,1386.398,1371.604,7.07,11435.121,,warm,,5048.116,single,micro,results/micro.jsonl
E8,wall_time,ms,go,hash,folder,100,,3,618559.33,615325.838,618846.638,3520.8,612092.346,619133.946,241.9,cold,,,,macro,results/t100-folder-go/summary.csv
E8,wall_time_internal,ms,go,hash,folder,100,,3,618496.857,615264.699,618783.851,3519.152,612032.541,619070.846,241.9,cold,,,,macro,results/t100-folder-go/summary.csv
E8,wall_time,ms,node,hash,folder,100,,3,2108526.735,2104890.445,2111321.465,6431.021,2101254.154,2114116.196,443.6,cold,,,,macro,results/t100-folder/summary.csv
E8,wall_time_internal,ms,node,hash,folder,100,,3,2108072.05,2104428.521,2110859.524,6431.004,2100784.992,2113646.999,443.6,cold,,,,macro,results/t100-folder/summary.csv
E8,wall_time,ms,node,hash,json,100,,5,7238.16,7236.652,7565.218,328.566,7032.94,8420.07,825.1,cold,,,,macro,results/t100/summary.csv
E8,wall_time_internal,ms,node,hash,json,100,,5,6838.806,6742.806,6855.616,112.81,6641.085,7113.224,825.1,cold,,,,macro,results/t100/summary.csv
E8,wall_time,ms,node,hash,sqlite,100,,5,7593.465,7567.55,8724.137,1156.587,7490.872,10009.701,577.2,cold,,,,macro,results/t100/summary.csv
E8,wall_time_internal,ms,node,hash,sqlite,100,,5,7138.819,7126.482,8186.083,1059.601,7078.016,8387.18,577.2,cold,,,,macro,results/t100/summary.csv
E8,wall_time,ms,python,hash,folder,100,,3,672293.103,670504.448,673482.328,2977.88,668715.793,674671.552,320.7,cold,,,,macro,results/t100-folder/summary.csv
E8,wall_time_internal,ms,python,hash,folder,100,,3,672106.123,670287.609,673291.47,3003.861,668469.094,674476.816,320.7,cold,,,,macro,results/t100-folder/summary.csv
E8,wall_time,ms,python,hash,json,100,,5,11037.67,10819.583,11454.766,635.183,10772.226,11816.544,366.2,cold,,,,macro,results/t100/summary.csv
E8,wall_time_internal,ms,python,hash,json,100,,5,10866.996,10653.803,11275.332,621.529,10590.339,11629.139,366.2,cold,,,,macro,results/t100/summary.csv
E8,wall_time,ms,python,hash,sqlite,100,,5,12421.935,12371.757,12756.61,384.853,11785.346,13125.117,282.3,cold,,,,macro,results/t100/summary.csv
E8,wall_time_internal,ms,python,hash,sqlite,100,,5,12193.872,12184.002,12604.751,420.749,11611.54,12954.768,282.3,cold,,,,macro,results/t100/summary.csv
E8,wall_time,ms,go,hash,json,1000,,3,8577.614,8405.609,8595.32,189.711,8233.604,8613.026,1999.0,cold,,,,macro,results/t1000-go-e6e8/summary.csv
E8,wall_time_internal,ms,go,hash,json,1000,,3,8454.175,8278.581,8471.056,192.476,8102.986,8487.938,1999.0,cold,,,,macro,results/t1000-go-e6e8/summary.csv
E8,wall_time,ms,go,hash,sqlite,1000,,3,19258.862,19160.744,19580.371,419.627,19062.626,19901.879,661.4,cold,,,,macro,results/t1000-go-e6e8/summary.csv
E8,wall_time_internal,ms,go,hash,sqlite,1000,,3,19191.902,19096.929,19487.374,390.446,19001.955,19782.847,661.4,cold,,,,macro,results/t1000-go-e6e8/summary.csv
E8,wall_time,ms,node,hash,json,1000,,5,22964.899,19921.618,26750.046,6828.428,18867.235,28959.156,1705.7,cold,,,,macro,results/t1000-py-node-e8/summary.csv
E8,wall_time_internal,ms,node,hash,json,1000,,5,22423.516,19390.705,25969.139,6578.434,18347.84,28179.498,1705.7,cold,,,,macro,results/t1000-py-node-e8/summary.csv
E8,wall_time,ms,node,hash,sqlite,1000,,5,12913.333,12145.795,13366.664,1220.869,11795.158,14159.201,797.6,cold,,,,macro,results/t1000-py-node-e8/summary.csv
E8,wall_time_internal,ms,node,hash,sqlite,1000,,5,11714.399,11614.991,12374.226,759.235,11300.727,12404.938,797.6,cold,,,,macro,results/t1000-py-node-e8/summary.csv
E8,wall_time,ms,python,hash,json,1000,,10,22567.501,21607.779,25657.576,4049.797,21133.401,29070.963,1565.8,cold,,,,macro,results/t1000-py-node-e8/summary.csv
E8,wall_time_internal,ms,python,hash,json,1000,,10,22364.569,21383.264,25480.145,4096.88,20898.886,28803.853,1565.8,cold,,,,macro,results/t1000-py-node-e8/summary.csv
E8,wall_time,ms,python,hash,sqlite,1000,,5,26348.423,26281.214,28604.686,2323.472,26198.031,28899.891,414.6,cold,,,,macro,results/t1000-py-sqlite/summary.csv
E8,wall_time_internal,ms,python,hash,sqlite,1000,,5,26144.477,26038.48,28392.421,2353.941,26032.085,28681.059,414.6,cold,,,,macro,results/t1000-py-sqlite/summary.csv
